name,imageUrl,productUrl,sku,priceRegular,priceSale
Butane Pencil TorchQUICK SHOP Butane Pencil TorchSKU:9510108Compare5.0(1)$8.99$5.99,,https://www.princessauto.com/en/butane-pencil-torch/product/PA0009510108,,,
POWERFIST 4 pk 5-1/2 in. Storage HooksQUICK SHOPPOWERFIST 4 pk 5-1/2 in. Storage HooksSKU:9417783Compare5.0(2)$5.99$3.99,,https://www.princessauto.com/en/4-pk-5-1-2-in-storage-hooks/product/PA0009417783,,,
POWERFIST 6 pc Mini Plier SetQUICK SHOPPOWERFIST 6 pc Mini Plier SetSKU:9200627Compare4.0(1)$26.99$14.99,,https://www.princessauto.com/en/6-pc-mini-plier-set/product/PA0009200627,,,
GOJO Natural Orange Pumice Hand CleanerQUICK SHOPGOJO Natural Orange Pumice Hand CleanerSKU:6420293Compare4.6(33)$17.99$11.99,,https://www.princessauto.com/en/natural-orange-pumice-hand-cleaner/product/PA0006420293,,,
ERICKSON Pro Series Retractable Ratchet Tie-Down Strap SetsQUICK SHOPERICKSON Pro Series Retractable Ratchet Tie-Down Strap Sets  Compare4.5(174)$32.99,,https://www.princessauto.com/en/pro-series-retractable-ratchet-tie-down-strap-sets/product/PA1000003026,,,
Bi-Fold CAT Leather WalletQUICK SHOP Bi-Fold CAT Leather WalletSKU:9511973Compare0.0(0)$17.99$12.49,,https://www.princessauto.com/en/bi-fold-cat-leather-wallet/product/PA0009511973,,,
ENERGIZER 2A Battery Charger/MaintainerQUICK SHOPENERGIZER 2A Battery Charger/MaintainerSKU:8970600Compare4.5(193)$39.99$24.99,,https://www.princessauto.com/en/2a-battery-charger-maintainer/product/PA0008970600,,,
JET BLUE Jet Blue Ice MelterQUICK SHOPJET BLUE Jet Blue Ice MelterSKU:8889917Compare4.6(52)$11.99$8.88,,https://www.princessauto.com/en/jet-blue-ice-melter/product/PA0008889917,,,
3 pc Pocket Precision Reference CardsQUICK SHOP 3 pc Pocket Precision Reference CardsSKU:9513342Compare0.0(0)$4.99$3.49,,https://www.princessauto.com/en/3-pc-pocket-precision-reference-cards/product/PA0009513342,,,
"DEWALT 1,600A Li-ion Portable Jump Starter/USB Power BankQUICK SHOPDEWALT 1,600A Li-ion Portable Jump Starter/USB Power BankSKU:9143462Compare4.5(158)$199.99$119.99",,https://www.princessauto.com/en/1600a-li-ion-portable-jump-starter-usb-power-bank/product/PA0009143462,,,
Infrared Body ThermometerQUICK SHOP Infrared Body ThermometerSKU:9522640Compare1.0(1)$9.99$5.99,,https://www.princessauto.com/en/infrared-body-thermometer/product/PA0009522640,,,
12 pk Birchwood TargetsQUICK SHOP 12 pk Birchwood TargetsSKU:9511007Compare0.0(0)$3.99$2.99,,https://www.princessauto.com/en/12-pk-birchwood-targets/product/PA0009511007,,,
POWERFIST 4 pc Socket Adapter SetQUICK SHOPPOWERFIST 4 pc Socket Adapter SetSKU:9279191Compare0.0(0)$7.99$5.99,,https://www.princessauto.com/en/4-pc-socket-adapter-set/product/PA0009279191,,,
800 ml Room DehumidifierQUICK SHOP 800 ml Room DehumidifierSKU:9519596Compare0.0(0)$4.99$2.99,,https://www.princessauto.com/en/800-ml-room-dehumidifier/product/PA0009519596,,,
"CLEVELAND IRON WORKS Small Wood StoveQUICK SHOPCLEVELAND IRON WORKS Small Wood StoveSKU:9276783Compare0.0(0)$1,349.99$1,199.99",,https://www.princessauto.com/en/small-wood-stove/product/PA0009276783,,,
4 x 5 in. Brass SheetQUICK SHOP 4 x 5 in. Brass SheetSKU:9514183Compare0.0(0)$2.99$1.69,,https://www.princessauto.com/en/4-x-5-in-brass-sheet/product/PA0009514183,,,
MR. HEATER 40 pk Hand WarmersQUICK SHOPMR. HEATER 40 pk Hand WarmersSKU:8872152Compare4.8(49)$21.99$17.99,,https://www.princessauto.com/en/40-pk-hand-warmers/product/PA0008872152,,,
Tactical BeltQUICK SHOP Tactical BeltSKU:9506064Compare0.0(0)$5.99$4.19,,https://www.princessauto.com/en/tactical-belt/product/PA0009506064,,,
POWERFIST Dryer Vent Lint Brush and Vacuum AttachmentQUICK SHOPPOWERFIST Dryer Vent Lint Brush and Vacuum AttachmentSKU:9236787Compare4.7(3)$24.99$12.99,,https://www.princessauto.com/en/dryer-vent-lint-brush-and-vacuum-attachment/product/PA0009236787,,,
15A Tamper-Resistant Outlet with 2 USB PortsQUICK SHOP 15A Tamper-Resistant Outlet with 2 USB PortsSKU:9513011Compare4.0(1)$14.99$9.99,,https://www.princessauto.com/en/15a-tamper-resistant-outlet-with-2-usb-ports/product/PA0009513011,,,
Black MagSafe WalletQUICK SHOP Black MagSafe WalletSKU:9506882Compare0.0(0)$3.99$1.99,,https://www.princessauto.com/en/black-magsafe-wallet/product/PA0009506882,,,
KIDDE Kitchen/Garage Fire ExtinguisherQUICK SHOPKIDDE Kitchen/Garage Fire ExtinguisherSKU:8806218Compare4.2(10)$34.99$19.99,,https://www.princessauto.com/en/kitchen-garage-fire-extinguisher/product/PA0008806218,,,
Large Grain/Split Cowhide GlovesQUICK SHOP Large Grain/Split Cowhide GlovesSKU:9509662Compare0.0(0)$7.99$3.99,,https://www.princessauto.com/en/large-grain-split-cowhide-gloves/product/PA0009509662,,,
POWERFIST 6 pc Impact Socket SetQUICK SHOPPOWERFIST 6 pc Impact Socket SetSKU:9279381Compare5.0(1)$19.99$9.99,,https://www.princessauto.com/en/6-pc-impact-socket-set/product/PA0009279381,,,
TURBO POWER 4 pk All-Season Turbo Power Windshield Washer FluidQUICK SHOPTURBO POWER 4 pk All-Season Turbo Power Windshield Washer FluidSKU:9085416Compare5.0(1)$18.99$17.77,,https://www.princessauto.com/en/4-pk-all-season-turbo-power-windshield-washer-fluid/product/PA0009085416,,,
POWERFIST Heavy Duty Poly TarpsQUICK SHOPPOWERFIST Heavy Duty Poly Tarps  Compare4.4(1118)$89.99,,https://www.princessauto.com/en/heavy-duty-poly-tarps/product/PA1000002379,,,
POWERFIST 4 pk 7 in. Storage HooksQUICK SHOPPOWERFIST 4 pk 7 in. Storage HooksSKU:9417791Compare0.0(0)$9.99$5.99,,https://www.princessauto.com/en/4-pk-7-in-storage-hooks/product/PA0009417791,,,
POWERFIST 39-Drawer 4-Sided Parts Storage CabinetQUICK SHOPPOWERFIST 39-Drawer 4-Sided Parts Storage CabinetSKU:9168949Compare4.8(9)$44.99$29.99,,https://www.princessauto.com/en/39-drawer-4-sided-parts-storage-cabinet/product/PA0009168949,,,
4 pk Chrome Hex Valve CapsQUICK SHOP 4 pk Chrome Hex Valve CapsSKU:9513243Compare0.0(0)$2.49$1.49,,https://www.princessauto.com/en/4-pk-chrome-hex-valve-caps/product/PA0009513243,,,
POWERFIST Stainless-Steel RulersQUICK SHOPPOWERFIST Stainless-Steel Rulers  Compare4.4(37)$9.99,,https://www.princessauto.com/en/stainless-steel-rulers/product/PA1000002745,,,
2-Outlet 2-USB Wall TapQUICK SHOP 2-Outlet 2-USB Wall TapSKU:9413717Compare5.0(1)$11.99$7.99,,https://www.princessauto.com/en/2-outlet-2-usb-wall-tap/product/PA0009413717,,,
ERICKSON Cold Weather Bungee CordsQUICK SHOPERICKSON Cold Weather Bungee Cords  Compare4.8(4)$5.99$2.99,,https://www.princessauto.com/en/cold-weather-bungee-cords/product/PA1000003033,,,
Double-Loop CarabinerQUICK SHOP Double-Loop CarabinerSKU:9513821Compare0.0(0)$2.99$1.99,,https://www.princessauto.com/en/double-loop-carabiner/product/PA0009513821,,,
1/2 Pint Clear Quick-Fill FunnelQUICK SHOP 1/2 Pint Clear Quick-Fill FunnelSKU:9500315Compare0.0(0)$3.99$2.29,,https://www.princessauto.com/en/1-2-pint-clear-quick-fill-funnel/product/PA0009500315,,,
POWERFIST 37 pc Bit Ratchet SetQUICK SHOPPOWERFIST 37 pc Bit Ratchet SetSKU:9389230Compare0.0(0)$29.99$24.99,,https://www.princessauto.com/en/37-pc-bit-ratchet-set/product/PA0009389230,,,
FRABILL 6 x 12 ft Ice Fishing ShelterHOT BUYQUICK SHOPFRABILL 6 x 12 ft Ice Fishing ShelterSKU:9510470Compare0.0(0)$249.99,,https://www.princessauto.com/en/6-x-12-ft-ice-fishing-shelter/product/PA0009510470,,,
POWERFIST 12 pk Double-Ended 1/8 in. Titanium Drill BitsQUICK SHOPPOWERFIST 12 pk Double-Ended 1/8 in. Titanium Drill BitsSKU:8721367Compare4.6(16)$15.99$5.99,,https://www.princessauto.com/en/12-pk-double-ended-1-8-in-titanium-drill-bits/product/PA0008721367,,,
SEA FOAM Sea Foam Motor TreatmentQUICK SHOPSEA FOAM Sea Foam Motor TreatmentSKU:8698508Compare4.9(1806)$14.99$12.99,,https://www.princessauto.com/en/sea-foam-motor-treatment/product/PA0008698508,,,
POWERFIST Light Duty Poly TarpsQUICK SHOPPOWERFIST Light Duty Poly Tarps  Compare4.6(86)$9.99$6.49,,https://www.princessauto.com/en/light-duty-poly-tarps/product/PA1000002376,,,
Large Fast-Fill FunnelQUICK SHOP Large Fast-Fill FunnelSKU:9500331Compare0.0(0)$4.99$3.49,,https://www.princessauto.com/en/large-fast-fill-funnel/product/PA0009500331,,,
12 in. Wrecking BarQUICK SHOP 12 in. Wrecking BarSKU:9509647Compare0.0(0)$3.99$2.79,,https://www.princessauto.com/en/12-in-wrecking-bar/product/PA0009509647,,,
12V Blue Portable Air CompressorQUICK SHOP 12V Blue Portable Air CompressorSKU:9498171Compare0.0(0)$34.99$21.99,,https://www.princessauto.com/en/12v-blue-portable-air-compressor/product/PA0009498171,,,
POWERFIST 6 pc Titanium Saw Drill Bit SetQUICK SHOPPOWERFIST 6 pc Titanium Saw Drill Bit SetSKU:8999989Compare4.4(13)$15.99$6.99,,https://www.princessauto.com/en/6-pc-titanium-saw-drill-bit-set/product/PA0008999989,,,
150-Count Pet Waste BagsQUICK SHOP 150-Count Pet Waste BagsSKU:9509498Compare0.0(0)$3.99$2.79,,https://www.princessauto.com/en/150-count-pet-waste-bags/product/PA0009509498,,,
"POWERFIST 20V 3/8 in. Cordless Ratchet Wrench, Tool OnlyQUICK SHOPPOWERFIST 20V 3/8 in. Cordless Ratchet Wrench, Tool OnlySKU:9187014Compare2.7(6)$79.99$66.99",,https://www.princessauto.com/en/20v-3-8-in-cordless-ratchet-wrench-tool-only/product/PA0009187014,,,
KLEEN-FLO Brake CleanerQUICK SHOPKLEEN-FLO Brake CleanerSKU:8201907Compare4.3(48)$9.99$5.99,,https://www.princessauto.com/en/brake-cleaner/product/PA0008201907,,,
100 pk 5 in. Natural Cable TiesQUICK SHOP 100 pk 5 in. Natural Cable TiesSKU:9525924Compare0.0(0)$3.99$2.49,,https://www.princessauto.com/en/100-pk-5-in-natural-cable-ties/product/PA0009525924,,,
POWERFIST Carpenter PencilQUICK SHOPPOWERFIST Carpenter PencilSKU:8330060Compare4.0(6)$0.69$0.49,,https://www.princessauto.com/en/carpenter-pencil/product/PA0008330060,,,
SCEPTER Self-Venting Gas CansQUICK SHOPSCEPTER Self-Venting Gas Cans  Compare4.8(98)$16.99,,https://www.princessauto.com/en/self-venting-gas-cans/product/PA1000003597,,,
4 in. Rust Remover Wheel WireQUICK SHOP 4 in. Rust Remover Wheel WireSKU:9523721Compare0.0(0)$3.99$2.49,,https://www.princessauto.com/en/4-in-rust-remover-wheel-wire/product/PA0009523721,,,
"GREASE & GEAR 46 in. LED 10,000 Lumen Shop Light",/ccstore/v1/images/?source=/file/v9029966626361375974/products/9479593_A0CG_00_01.jpg&height=300&width=300,https://www.princessauto.com/en/46-in-led-10000-lumen-shop-light/product/PA0009479593,9479593,,
POWERFIST Tan Pile Lined Mitts,/ccstore/v1/images/?source=/file/v7030262159343464568/products/8669996_A0CG_00_01.jpg&height=300&width=300,https://www.princessauto.com/en/tan-pile-lined-mitts/product/PA1000000271,8669988,11.99,7.99
POWER ZONE 3 Ton Quick-Lift Floor Jack with Dual Pumps,/file/v1102669931127092642/general/no-image.png,https://www.princessauto.com/en/3-ton-quick-lift-floor-jack-with-dual-pumps/product/PA0009479056,9479056,,
MAKITA 4-1/2 in. x 1.2 mm Abrasive Cut-Off Wheel,/ccstore/v1/images/?source=/file/v44138874211408975/products/9238502_A0CG_00_01.jpg&height=300&width=300,https://www.princessauto.com/en/4-1-2-in-x-12-mm-abrasive-cut-off-wheel/product/PA0009238502,9238502,2.59,1.29
POWERFIST 600 lb Moving Dolly,/ccstore/v1/images/?source=/file/v2142266928262523439/products/8851966_A0CG_00_01.jpg&height=300&width=300,https://www.princessauto.com/en/600-lb-moving-dolly/product/PA0008851966,8851966,29.99,15.99
"2 in. x 22 ft 8,000 lb Ratchet Tie-Down Strap",/ccstore/v1/images/?source=/file/v3002253648505966067/products/8979957_A0CG_00_01.jpg&height=300&width=300,https://www.princessauto.com/en/2-in-x-22-ft-8000-lb-ratchet-tie-down-strap/product/PA0008979957,8979957,,
GREASE & GEAR 2 pc Magnetic Tray Set,/ccstore/v1/images/?source=/file/v6102026622721190983/products/9432055_A1C0_00_01.jpg&height=300&width=300,https://www.princessauto.com/en/2-pc-magnetic-tray-set/product/PA0009432055,9432055,,
WATSON GLOVES Large Winter Whammy Lined Work Gloves,/ccstore/v1/images/?source=/file/v6892208861181763094/products/8351843_A0CG_00_01.jpg&height=300&width=300,https://www.princessauto.com/en/large-winter-whammy-lined-work-gloves/product/PA0008351843,8351843,,
POWERFIST 13-3/4 in. Wood-Handle Carbon-Steel Wire Brushes,/ccstore/v1/images/?source=/file/v2418158535624622457/products/8851230_A0CG_00_01.jpg&height=300&width=300,https://www.princessauto.com/en/13-3-4-in-wood-handle-carbon-steel-wire-brushes/product/PA1000003252,8851222,,
POWERFIST 36 in. Ergonomic Snow Pusher,/ccstore/v1/images/?source=/file/v615234714902810289/products/9052705_F1C0_00_01.jpg&height=300&width=300,https://www.princessauto.com/en/36-in-ergonomic-snow-pusher/product/PA0009052705,9052705,,